GENDER,AGE,MARITAL_STATUS,PROFESSION,IS_TENT,PRODUCT_LINE,PURCHASE_AMOUNT
M,27,Single,Professional,TRUE,Camping Equipment,144.78
F,39,Married,Other,FALSE,Outdoor Protection,144.83
F,39,Married,Other,FALSE,Outdoor Protection,137.37
F,56,Unspecified,Hospitality,FALSE,Personal Accessories,92.61
M,45,Married,Retired,FALSE,Golf Equipment,119.04
M,45,Married,Retired,FALSE,Golf Equipment,123.76
F,39,Married,Other,FALSE,Outdoor Protection,142.23
F,49,Married,Other,FALSE,Golf Equipment,105.96
F,49,Married,Other,FALSE,Golf Equipment,109.21
M,47,Married,Retired,FALSE,Golf Equipment,117.58
M,47,Married,Retired,FALSE,Golf Equipment,115.03
M,21,Single,Retail,FALSE,Personal Accessories,112.03
F,66,Married,Other,FALSE,Golf Equipment,108.11
F,35,Married,Professional,FALSE,Golf Equipment,152.95
M,20,Single,Sales,TRUE,Mountaineering Equipment,124.66
M,20,Single,Sales,TRUE,Mountaineering Equipment,122.39
M,20,Single,Sales,TRUE,Mountaineering Equipment,121.39
F,37,Single,Other,FALSE,Outdoor Protection,134.94
M,42,Married,Other,FALSE,Outdoor Protection,156.33
F,24,Married,Retail,TRUE,Personal Accessories,97.31
F,24,Married,Retail,TRUE,Personal Accessories,99.36
M,29,Single,Retail,FALSE,Camping Equipment,122.40
M,29,Single,Retail,FALSE,Camping Equipment,122.90
M,43,Married,Trades,TRUE,Camping Equipment,169.26
M,43,Married,Trades,TRUE,Camping Equipment,173.70
F,43,Unspecified,Hospitality,FALSE,Outdoor Protection,124.00
F,43,Unspecified,Hospitality,FALSE,Outdoor Protection,122.93
F,43,Unspecified,Hospitality,FALSE,Outdoor Protection,121.28
F,43,Unspecified,Hospitality,FALSE,Outdoor Protection,116.64
M,29,Single,Other,FALSE,Mountaineering Equipment,127.47
M,41,Married,Professional,FALSE,Golf Equipment,170.49
M,32,Married,Other,FALSE,Camping Equipment,150.41
M,34,Married,Sales,TRUE,Camping Equipment,154.52
F,18,Single,Student,FALSE,Personal Accessories,72.23
F,31,Married,Executive,FALSE,Golf Equipment,150.18
M,28,Single,Trades,TRUE,Mountaineering Equipment,137.94
F,24,Single,Student,TRUE,Personal Accessories,81.75
F,29,Single,Other,FALSE,Personal Accessories,105.39
F,29,Single,Other,FALSE,Personal Accessories,109.19
F,68,Unspecified,Hospitality,FALSE,Personal Accessories,87.31
M,42,Married,Trades,TRUE,Camping Equipment,165.70
M,42,Married,Trades,TRUE,Camping Equipment,167.40
F,33,Married,Hospitality,FALSE,Personal Accessories,125.97
F,33,Married,Hospitality,FALSE,Personal Accessories,130.16
F,33,Married,Hospitality,FALSE,Personal Accessories,126.72
F,54,Married,Other,FALSE,Golf Equipment,110.17
F,54,Married,Other,FALSE,Golf Equipment,110.35
F,54,Married,Other,FALSE,Golf Equipment,109.36
M,38,Married,Executive,FALSE,Golf Equipment,176.58
M,38,Married,Executive,FALSE,Golf Equipment,177.00
M,38,Married,Executive,FALSE,Golf Equipment,178.52
M,24,Single,Other,FALSE,Mountaineering Equipment,119.66
F,24,Unspecified,Other,FALSE,Personal Accessories,92.24
F,24,Unspecified,Other,FALSE,Personal Accessories,94.37
F,20,Single,Retail,FALSE,Personal Accessories,85.92
F,20,Single,Retail,FALSE,Personal Accessories,92.52
F,29,Single,Professional,TRUE,Personal Accessories,116.78
M,40,Married,Other,FALSE,Outdoor Protection,155.70
F,49,Unspecified,Hospitality,FALSE,Personal Accessories,93.64
F,26,Single,Other,FALSE,Personal Accessories,114.34
F,51,Unspecified,Hospitality,FALSE,Personal Accessories,87.81
M,29,Single,Professional,TRUE,Camping Equipment,140.71
F,33,Married,Executive,FALSE,Golf Equipment,149.69
M,47,Married,Professional,FALSE,Golf Equipment,144.85
F,38,Married,Other,FALSE,Outdoor Protection,135.77
F,39,Married,Executive,FALSE,Golf Equipment,159.00
M,29,Single,Professional,TRUE,Camping Equipment,143.99
M,29,Single,Professional,TRUE,Camping Equipment,144.17
F,33,Married,Executive,FALSE,Golf Equipment,154.89
F,20,Single,Professional,TRUE,Personal Accessories,105.22
M,31,Married,Other,FALSE,Camping Equipment,153.58
F,31,Single,Other,FALSE,Personal Accessories,117.62
F,42,Married,Other,FALSE,Outdoor Protection,142.27
F,42,Married,Other,FALSE,Outdoor Protection,139.25
F,42,Married,Other,FALSE,Outdoor Protection,143.36
M,21,Single,Trades,TRUE,Mountaineering Equipment,134.05
F,65,Married,Other,FALSE,Golf Equipment,106.72
F,65,Married,Other,FALSE,Golf Equipment,107.61
F,41,Unspecified,Hospitality,FALSE,Outdoor Protection,123.64
F,41,Unspecified,Hospitality,FALSE,Outdoor Protection,120.37
M,17,Single,Student,FALSE,Personal Accessories,92.60
M,55,Married,Trades,FALSE,Camping Equipment,140.48
M,55,Married,Trades,FALSE,Camping Equipment,143.31
M,55,Married,Trades,FALSE,Camping Equipment,139.59
M,55,Married,Trades,FALSE,Camping Equipment,143.75
F,52,Married,Executive,FALSE,Golf Equipment,132.80
M,35,Married,Trades,TRUE,Camping Equipment,169.37
F,34,Single,Retail,FALSE,Personal Accessories,111.81
M,25,Single,Other,FALSE,Mountaineering Equipment,132.24
M,25,Single,Other,FALSE,Mountaineering Equipment,125.55
M,25,Single,Other,FALSE,Mountaineering Equipment,127.57
F,18,Single,Retail,FALSE,Personal Accessories,75.09
F,19,Single,Other,FALSE,Personal Accessories,94.76
M,36,Single,Professional,FALSE,Outdoor Protection,155.23
M,33,Married,Professional,TRUE,Camping Equipment,162.13
M,33,Married,Sales,TRUE,Camping Equipment,153.21
F,30,Single,Professional,FALSE,Personal Accessories,125.22
F,29,Single,Other,FALSE,Personal Accessories,112.41
F,29,Single,Other,FALSE,Personal Accessories,110.44
M,21,Single,Sales,TRUE,Mountaineering Equipment,118.95
M,21,Single,Sales,TRUE,Mountaineering Equipment,121.43
F,44,Married,Other,FALSE,Outdoor Protection,141.97
M,21,Single,Student,TRUE,Personal Accessories,96.91
M,21,Single,Student,TRUE,Personal Accessories,95.22
M,46,Married,Trades,FALSE,Camping Equipment,136.75
F,47,Married,Sales,FALSE,Outdoor Protection,113.84
F,34,Single,Professional,FALSE,Personal Accessories,129.56
F,24,Single,Professional,TRUE,Personal Accessories,111.76
F,27,Single,Retail,FALSE,Personal Accessories,97.91
F,28,Single,Professional,TRUE,Personal Accessories,121.28
M,26,Married,Other,TRUE,Camping Equipment,142.26
M,26,Married,Other,TRUE,Camping Equipment,144.87
M,29,Single,Professional,TRUE,Camping Equipment,136.85
M,29,Single,Professional,TRUE,Camping Equipment,135.78
M,29,Single,Professional,TRUE,Camping Equipment,138.69
F,23,Single,Professional,TRUE,Personal Accessories,112.11
M,27,Single,Other,FALSE,Mountaineering Equipment,132.78
F,26,Married,Executive,FALSE,Personal Accessories,135.53
F,26,Married,Executive,FALSE,Personal Accessories,135.74
F,20,Single,Other,FALSE,Personal Accessories,100.10
M,26,Single,Other,FALSE,Mountaineering Equipment,131.78
M,33,Married,Other,FALSE,Camping Equipment,148.02
M,33,Married,Other,FALSE,Camping Equipment,154.09
F,19,Single,Other,FALSE,Personal Accessories,89.41
F,19,Single,Other,FALSE,Personal Accessories,94.48
F,26,Married,Other,FALSE,Camping Equipment,116.44
F,26,Married,Other,FALSE,Camping Equipment,117.98
F,40,Married,Other,FALSE,Outdoor Protection,138.72
F,40,Married,Other,FALSE,Outdoor Protection,141.77
F,40,Married,Other,FALSE,Outdoor Protection,140.64
M,40,Single,Other,FALSE,Outdoor Protection,148.12
M,40,Single,Other,FALSE,Outdoor Protection,154.64
M,40,Single,Other,FALSE,Outdoor Protection,151.96
M,40,Single,Other,FALSE,Outdoor Protection,152.80
M,40,Single,Other,FALSE,Outdoor Protection,150.66
M,44,Single,Other,FALSE,Outdoor Protection,145.99
M,44,Single,Other,FALSE,Outdoor Protection,149.53
M,43,Married,Trades,TRUE,Camping Equipment,172.12
M,43,Married,Trades,TRUE,Camping Equipment,165.07
F,24,Single,Retail,FALSE,Personal Accessories,87.07
M,28,Unspecified,Sales,TRUE,Camping Equipment,117.45
F,22,Single,Professional,TRUE,Personal Accessories,113.32
F,20,Married,Retail,TRUE,Personal Accessories,96.98
F,46,Married,Retail,FALSE,Outdoor Protection,96.64
M,31,Unspecified,Sales,FALSE,Camping Equipment,133.39
M,31,Unspecified,Sales,FALSE,Camping Equipment,129.08
M,31,Unspecified,Sales,FALSE,Camping Equipment,126.91
M,31,Unspecified,Sales,FALSE,Camping Equipment,131.00
M,31,Unspecified,Sales,FALSE,Camping Equipment,134.47
F,23,Single,Student,TRUE,Personal Accessories,77.56
F,23,Single,Student,TRUE,Personal Accessories,79.44
F,37,Married,Other,FALSE,Outdoor Protection,137.56
F,37,Married,Other,FALSE,Outdoor Protection,142.16
F,50,Married,Other,FALSE,Golf Equipment,112.71
F,18,Single,Student,FALSE,Personal Accessories,70.98
M,30,Single,Trades,TRUE,Mountaineering Equipment,146.05
F,67,Married,Other,FALSE,Golf Equipment,112.39
M,30,Married,Other,FALSE,Camping Equipment,153.44
M,24,Single,Professional,TRUE,Personal Accessories,126.61
F,31,Married,Other,FALSE,Camping Equipment,130.43
F,31,Married,Other,FALSE,Camping Equipment,129.67
M,35,Married,Other,FALSE,Outdoor Protection,157.28
M,41,Married,Trades,TRUE,Camping Equipment,172.08
M,41,Married,Trades,TRUE,Camping Equipment,170.18
F,25,Single,Other,FALSE,Personal Accessories,113.33
F,23,Single,Other,FALSE,Personal Accessories,104.82
F,25,Single,Other,FALSE,Personal Accessories,111.11
F,30,Married,Hospitality,FALSE,Personal Accessories,133.31
M,49,Unspecified,Trades,FALSE,Camping Equipment,124.70
M,39,Married,Other,FALSE,Outdoor Protection,160.34
F,34,Married,Other,FALSE,Camping Equipment,131.55
F,34,Married,Other,FALSE,Camping Equipment,132.92
M,28,Single,Student,TRUE,Camping Equipment,113.78
F,42,Married,Other,FALSE,Outdoor Protection,144.49
F,27,Single,Other,FALSE,Personal Accessories,112.57
M,25,Single,Professional,TRUE,Camping Equipment,141.30
M,55,Married,Other,FALSE,Golf Equipment,132.37
M,27,Married,Other,TRUE,Camping Equipment,139.63
M,27,Married,Other,TRUE,Camping Equipment,142.17
F,19,Single,Professional,FALSE,Personal Accessories,104.19
M,50,Married,Professional,FALSE,Golf Equipment,143.81
F,33,Married,Other,FALSE,Camping Equipment,133.49
F,33,Married,Other,FALSE,Camping Equipment,129.45
M,35,Married,Sales,FALSE,Outdoor Protection,157.88
M,26,Married,Sales,TRUE,Camping Equipment,144.77
M,26,Married,Sales,TRUE,Camping Equipment,142.45
F,31,Married,Retail,FALSE,Camping Equipment,121.65
F,31,Married,Retail,FALSE,Camping Equipment,121.77
M,42,Married,Sales,FALSE,Outdoor Protection,162.52
M,42,Married,Sales,FALSE,Outdoor Protection,160.09
F,40,Married,Other,FALSE,Outdoor Protection,135.60
F,40,Married,Other,FALSE,Outdoor Protection,139.15
F,21,Married,Other,TRUE,Personal Accessories,107.88
F,19,Single,Other,FALSE,Personal Accessories,91.04
F,43,Married,Other,FALSE,Outdoor Protection,138.47
F,43,Married,Other,FALSE,Outdoor Protection,142.63
F,31,Married,Other,FALSE,Camping Equipment,128.42
F,31,Married,Other,FALSE,Camping Equipment,134.85
F,49,Married,Executive,FALSE,Golf Equipment,130.68
F,49,Married,Executive,FALSE,Golf Equipment,132.68
M,43,Married,Trades,TRUE,Camping Equipment,172.74
M,43,Married,Trades,TRUE,Camping Equipment,167.83
F,29,Single,Hospitality,FALSE,Personal Accessories,114.36
F,29,Single,Hospitality,FALSE,Personal Accessories,114.54
F,24,Single,Retail,FALSE,Personal Accessories,88.22
M,20,Single,Other,FALSE,Mountaineering Equipment,122.11
M,20,Single,Other,FALSE,Mountaineering Equipment,118.42
M,33,Married,Executive,FALSE,Golf Equipment,166.07
M,19,Single,Other,FALSE,Personal Accessories,106.64
M,27,Married,Other,TRUE,Camping Equipment,144.98
M,27,Married,Executive,TRUE,Outdoor Protection,161.83
M,27,Married,Executive,TRUE,Outdoor Protection,162.28
M,27,Married,Executive,TRUE,Outdoor Protection,156.67
F,22,Single,Other,FALSE,Personal Accessories,104.10
F,22,Single,Other,FALSE,Personal Accessories,96.58
F,25,Single,Retail,FALSE,Personal Accessories,98.52
F,39,Married,Other,FALSE,Outdoor Protection,140.19
F,28,Single,Other,FALSE,Personal Accessories,113.43
F,20,Single,Student,TRUE,Personal Accessories,82.84
F,46,Married,Other,FALSE,Golf Equipment,108.50
F,46,Married,Other,FALSE,Golf Equipment,108.23
M,22,Single,Other,FALSE,Mountaineering Equipment,117.75
F,40,Married,Other,FALSE,Outdoor Protection,144.30
F,27,Single,Other,FALSE,Personal Accessories,114.29
F,57,Married,Retired,FALSE,Golf Equipment,101.57
F,27,Single,Other,FALSE,Personal Accessories,105.70
F,27,Single,Other,FALSE,Personal Accessories,113.06
F,21,Single,Other,FALSE,Personal Accessories,99.98
F,25,Married,Executive,FALSE,Personal Accessories,138.15
M,35,Married,Other,FALSE,Outdoor Protection,157.96
M,39,Married,Executive,FALSE,Golf Equipment,178.95
M,39,Married,Executive,FALSE,Golf Equipment,176.37
F,33,Married,Hospitality,FALSE,Personal Accessories,127.91
F,23,Single,Retail,FALSE,Personal Accessories,89.13
F,44,Married,Other,FALSE,Outdoor Protection,139.65
M,31,Married,Sales,TRUE,Camping Equipment,149.70
M,31,Married,Sales,TRUE,Camping Equipment,145.61
F,23,Single,Retail,FALSE,Personal Accessories,86.69
M,24,Single,Student,TRUE,Personal Accessories,99.43
M,24,Single,Student,TRUE,Personal Accessories,101.84
M,31,Single,Professional,TRUE,Camping Equipment,150.65
M,31,Single,Professional,TRUE,Camping Equipment,151.43
F,19,Single,Retail,FALSE,Personal Accessories,77.20
M,33,Single,Other,FALSE,Mountaineering Equipment,138.43
M,33,Single,Other,FALSE,Mountaineering Equipment,141.25
M,41,Married,Other,FALSE,Outdoor Protection,155.07
F,25,Married,Other,FALSE,Camping Equipment,120.31
F,25,Married,Other,FALSE,Camping Equipment,122.40
M,43,Single,Other,FALSE,Outdoor Protection,147.27
M,43,Single,Other,FALSE,Outdoor Protection,154.65
M,43,Single,Other,FALSE,Outdoor Protection,151.48
M,19,Single,Other,FALSE,Personal Accessories,107.39
M,19,Single,Other,FALSE,Personal Accessories,111.28
M,28,Single,Sales,TRUE,Mountaineering Equipment,134.34
M,28,Single,Sales,TRUE,Mountaineering Equipment,127.54
M,27,Single,Sales,TRUE,Mountaineering Equipment,125.94
F,38,Married,Other,FALSE,Outdoor Protection,139.66
F,38,Married,Other,FALSE,Outdoor Protection,137.78
M,37,Married,Trades,TRUE,Camping Equipment,171.30
F,34,Married,Other,FALSE,Camping Equipment,130.12
F,34,Married,Other,FALSE,Camping Equipment,131.10
F,46,Married,Executive,FALSE,Golf Equipment,129.47
F,46,Married,Executive,FALSE,Golf Equipment,134.60
M,41,Married,Other,FALSE,Outdoor Protection,156.03
M,41,Married,Other,FALSE,Outdoor Protection,161.92
M,44,Single,Professional,FALSE,Outdoor Protection,155.62
F,38,Single,Retail,FALSE,Outdoor Protection,122.44
F,31,Married,Hospitality,FALSE,Personal Accessories,128.47
F,31,Married,Hospitality,FALSE,Personal Accessories,133.76
F,27,Married,Retail,FALSE,Camping Equipment,107.87
F,27,Married,Retail,FALSE,Camping Equipment,106.39
F,45,Married,Other,FALSE,Golf Equipment,105.50
M,24,Single,Student,TRUE,Personal Accessories,97.10
M,24,Single,Student,TRUE,Personal Accessories,96.17
M,39,Married,Other,FALSE,Outdoor Protection,157.00
M,39,Married,Other,FALSE,Outdoor Protection,160.79
F,28,Single,Student,TRUE,Personal Accessories,93.58
F,28,Single,Student,TRUE,Personal Accessories,87.73
M,32,Single,Other,FALSE,Mountaineering Equipment,136.79
M,32,Single,Other,FALSE,Mountaineering Equipment,143.61
M,32,Single,Other,FALSE,Mountaineering Equipment,144.39
F,52,Unspecified,Hospitality,FALSE,Personal Accessories,88.82
M,37,Unspecified,Trades,TRUE,Camping Equipment,151.88
M,29,Single,Professional,TRUE,Camping Equipment,139.66
M,41,Married,Professional,FALSE,Golf Equipment,167.64
F,34,Single,Retail,FALSE,Personal Accessories,109.79
F,50,Married,Other,FALSE,Golf Equipment,113.57
F,50,Married,Other,FALSE,Golf Equipment,108.74
M,27,Single,Trades,TRUE,Mountaineering Equipment,137.73
F,27,Single,Other,FALSE,Personal Accessories,110.50
M,19,Single,Professional,FALSE,Personal Accessories,116.29
F,23,Married,Other,TRUE,Personal Accessories,114.32
F,23,Married,Other,TRUE,Personal Accessories,107.70
M,36,Married,Sales,FALSE,Outdoor Protection,164.60
F,27,Single,Other,FALSE,Personal Accessories,112.03
F,23,Single,Hospitality,FALSE,Personal Accessories,101.70
M,27,Married,Other,TRUE,Camping Equipment,137.75
M,41,Married,Executive,FALSE,Golf Equipment,177.61
F,28,Single,Other,FALSE,Personal Accessories,105.70
F,31,Married,Professional,TRUE,Golf Equipment,144.74
M,32,Married,Executive,FALSE,Golf Equipment,171.93
M,32,Married,Executive,FALSE,Golf Equipment,171.85
F,64,Married,Other,FALSE,Golf Equipment,114.50
F,27,Single,Student,TRUE,Personal Accessories,86.17
F,29,Married,Other,FALSE,Camping Equipment,123.85
M,36,Married,Executive,FALSE,Golf Equipment,179.34
M,35,Married,Executive,FALSE,Golf Equipment,179.19
M,35,Married,Executive,FALSE,Golf Equipment,181.25
M,35,Married,Executive,FALSE,Golf Equipment,177.76
M,35,Married,Executive,FALSE,Golf Equipment,176.71
M,35,Married,Executive,FALSE,Golf Equipment,179.21
M,35,Married,Executive,FALSE,Golf Equipment,182.36
F,48,Married,Retail,FALSE,Outdoor Protection,96.18
F,48,Married,Retail,FALSE,Outdoor Protection,100.13
M,34,Married,Other,FALSE,Camping Equipment,145.97
M,34,Married,Other,FALSE,Camping Equipment,146.80
M,22,Single,Sales,TRUE,Mountaineering Equipment,116.72
M,28,Single,Professional,TRUE,Camping Equipment,144.75
F,35,Single,Professional,FALSE,Personal Accessories,137.10
F,38,Married,Executive,FALSE,Golf Equipment,155.31
M,39,Single,Other,FALSE,Outdoor Protection,147.85
F,24,Single,Student,TRUE,Personal Accessories,79.57
F,31,Single,Other,FALSE,Personal Accessories,122.83
M,42,Married,Other,FALSE,Outdoor Protection,159.81
M,42,Married,Other,FALSE,Outdoor Protection,161.98
F,23,Single,Hospitality,FALSE,Personal Accessories,103.79
F,36,Married,Other,FALSE,Outdoor Protection,142.12
F,36,Married,Other,FALSE,Outdoor Protection,140.69
F,22,Single,Student,TRUE,Personal Accessories,78.85
F,26,Single,Sales,FALSE,Personal Accessories,108.33
M,31,Single,Trades,TRUE,Mountaineering Equipment,149.49
M,31,Single,Trades,TRUE,Mountaineering Equipment,146.65
F,31,Married,Other,FALSE,Camping Equipment,127.99
F,49,Married,Professional,FALSE,Golf Equipment,124.99
F,22,Single,Retail,FALSE,Personal Accessories,86.82
M,37,Married,Other,FALSE,Outdoor Protection,158.48
M,25,Single,Other,FALSE,Mountaineering Equipment,126.07
M,37,Married,Trades,TRUE,Camping Equipment,168.24
M,37,Married,Trades,TRUE,Camping Equipment,172.24
M,43,Married,Sales,FALSE,Outdoor Protection,162.25
M,43,Married,Sales,FALSE,Outdoor Protection,163.55
M,43,Married,Sales,FALSE,Outdoor Protection,158.86
M,43,Single,Other,FALSE,Outdoor Protection,152.21
M,43,Single,Other,FALSE,Outdoor Protection,153.88
M,43,Single,Other,FALSE,Outdoor Protection,149.95
M,43,Single,Other,FALSE,Outdoor Protection,151.16
F,35,Married,Professional,FALSE,Golf Equipment,153.34
F,35,Married,Professional,FALSE,Golf Equipment,149.39
F,49,Married,Other,FALSE,Golf Equipment,108.43
F,49,Married,Other,FALSE,Golf Equipment,107.76
F,35,Unspecified,Hospitality,FALSE,Outdoor Protection,124.79
F,35,Unspecified,Hospitality,FALSE,Outdoor Protection,121.83
F,35,Unspecified,Hospitality,FALSE,Outdoor Protection,117.29
F,35,Unspecified,Hospitality,FALSE,Outdoor Protection,119.74
M,28,Single,Professional,TRUE,Camping Equipment,137.28
M,35,Married,Other,FALSE,Outdoor Protection,158.13
M,26,Married,Executive,TRUE,Outdoor Protection,158.19
M,44,Married,Other,FALSE,Outdoor Protection,161.37
M,28,Married,Other,TRUE,Camping Equipment,144.17
M,28,Married,Other,TRUE,Camping Equipment,139.96
F,38,Married,Executive,FALSE,Golf Equipment,160.92
M,22,Single,Professional,TRUE,Personal Accessories,133.29
M,22,Single,Professional,TRUE,Personal Accessories,127.08
M,24,Single,Retail,FALSE,Personal Accessories,114.70
M,24,Single,Retail,FALSE,Personal Accessories,111.51
M,24,Single,Retail,FALSE,Personal Accessories,114.68
F,41,Unspecified,Hospitality,FALSE,Outdoor Protection,123.42
F,41,Unspecified,Hospitality,FALSE,Outdoor Protection,119.79
F,29,Single,Other,FALSE,Personal Accessories,105.50
F,65,Unspecified,Hospitality,FALSE,Personal Accessories,91.49
M,42,Married,Sales,FALSE,Outdoor Protection,155.68
F,40,Married,Sales,FALSE,Outdoor Protection,138.39
M,37,Unspecified,Trades,TRUE,Camping Equipment,151.44
M,37,Unspecified,Trades,TRUE,Camping Equipment,147.05
M,37,Unspecified,Trades,TRUE,Camping Equipment,151.55
F,32,Married,Executive,FALSE,Golf Equipment,152.79
F,21,Single,Hospitality,FALSE,Personal Accessories,97.62
F,21,Single,Hospitality,FALSE,Personal Accessories,102.16
M,43,Married,Sales,FALSE,Outdoor Protection,164.30
F,67,Married,Other,FALSE,Golf Equipment,111.35
M,40,Married,Other,FALSE,Outdoor Protection,162.29
M,40,Married,Other,FALSE,Outdoor Protection,163.26
M,19,Single,Student,FALSE,Personal Accessories,89.54
M,19,Single,Student,FALSE,Personal Accessories,89.84
M,19,Single,Student,FALSE,Personal Accessories,86.06
F,39,Married,Other,FALSE,Outdoor Protection,138.51
M,50,Unspecified,Other,FALSE,Golf Equipment,106.25
M,50,Unspecified,Other,FALSE,Golf Equipment,106.42
M,29,Single,Trades,TRUE,Mountaineering Equipment,136.62
M,29,Single,Trades,TRUE,Mountaineering Equipment,135.65
F,48,Unspecified,Hospitality,FALSE,Personal Accessories,85.67
F,22,Single,Retail,FALSE,Personal Accessories,88.53
F,37,Married,Other,FALSE,Outdoor Protection,143.42
M,23,Single,Executive,FALSE,Personal Accessories,137.56
M,23,Single,Executive,FALSE,Personal Accessories,138.43
F,37,Married,Professional,FALSE,Golf Equipment,153.09
F,32,Married,Executive,FALSE,Golf Equipment,150.95
F,32,Married,Executive,FALSE,Golf Equipment,147.43
F,19,Single,Other,FALSE,Personal Accessories,91.88
F,26,Single,Other,FALSE,Personal Accessories,108.73
M,39,Married,Other,FALSE,Outdoor Protection,155.16
F,37,Married,Other,FALSE,Outdoor Protection,136.81
F,37,Married,Other,FALSE,Outdoor Protection,136.19
F,20,Married,Retail,TRUE,Personal Accessories,102.53
F,51,Married,Other,FALSE,Golf Equipment,108.96
F,24,Single,Professional,TRUE,Personal Accessories,108.02
M,38,Single,Professional,FALSE,Outdoor Protection,163.42
M,38,Single,Professional,FALSE,Outdoor Protection,161.17
M,38,Single,Professional,FALSE,Outdoor Protection,162.62
M,38,Married,Trades,TRUE,Camping Equipment,168.36
M,36,Married,Trades,TRUE,Camping Equipment,166.37
M,36,Married,Trades,TRUE,Camping Equipment,170.53
F,44,Married,Executive,FALSE,Golf Equipment,159.21
F,20,Single,Other,FALSE,Personal Accessories,102.69
M,31,Single,Professional,TRUE,Camping Equipment,145.01
M,31,Single,Professional,TRUE,Camping Equipment,146.60
F,46,Married,Hospitality,FALSE,Outdoor Protection,114.38
F,46,Married,Hospitality,FALSE,Outdoor Protection,107.05
M,32,Single,Other,FALSE,Mountaineering Equipment,138.39
M,28,Single,Trades,TRUE,Mountaineering Equipment,143.69
M,28,Single,Trades,TRUE,Mountaineering Equipment,140.17
M,28,Single,Trades,TRUE,Mountaineering Equipment,143.62
F,37,Married,Other,FALSE,Outdoor Protection,136.45
F,37,Married,Other,FALSE,Outdoor Protection,139.07
F,37,Married,Other,FALSE,Outdoor Protection,143.69
M,33,Single,Other,FALSE,Mountaineering Equipment,137.43
F,29,Single,Retail,FALSE,Personal Accessories,95.75
M,35,Married,Other,FALSE,Outdoor Protection,159.61
M,35,Married,Other,FALSE,Outdoor Protection,160.29
F,28,Single,Professional,TRUE,Personal Accessories,116.68
M,32,Married,Professional,TRUE,Camping Equipment,160.30
M,31,Single,Other,FALSE,Mountaineering Equipment,136.35
M,31,Single,Other,FALSE,Mountaineering Equipment,141.93
F,22,Single,Professional,TRUE,Personal Accessories,112.69
M,26,Single,Sales,TRUE,Mountaineering Equipment,126.63
M,44,Married,Trades,TRUE,Camping Equipment,168.55
M,30,Married,Professional,TRUE,Camping Equipment,156.80
F,28,Single,Retail,FALSE,Personal Accessories,102.41
F,28,Married,Executive,FALSE,Personal Accessories,141.55
M,29,Single,Other,FALSE,Mountaineering Equipment,132.42
M,29,Single,Other,FALSE,Mountaineering Equipment,127.21
M,35,Married,Sales,FALSE,Outdoor Protection,164.25
M,40,Married,Other,FALSE,Outdoor Protection,160.85
M,40,Married,Other,FALSE,Outdoor Protection,161.11
M,21,Single,Student,TRUE,Personal Accessories,95.99
M,29,Single,Professional,TRUE,Camping Equipment,140.63
M,40,Married,Other,FALSE,Outdoor Protection,163.57
M,46,Married,Professional,FALSE,Golf Equipment,137.45
M,46,Married,Professional,FALSE,Golf Equipment,144.44
M,46,Married,Professional,FALSE,Golf Equipment,139.00
M,31,Unspecified,Professional,TRUE,Camping Equipment,135.08
M,22,Single,Sales,TRUE,Mountaineering Equipment,119.27
M,22,Single,Sales,TRUE,Mountaineering Equipment,119.88
F,35,Married,Professional,FALSE,Golf Equipment,151.46
F,32,Married,Executive,FALSE,Golf Equipment,149.01
M,39,Married,Other,FALSE,Outdoor Protection,156.94
M,39,Married,Other,FALSE,Outdoor Protection,164.58
M,19,Single,Sales,FALSE,Personal Accessories,106.91
F,26,Single,Other,FALSE,Personal Accessories,112.60
M,42,Married,Other,FALSE,Outdoor Protection,155.06
M,42,Married,Other,FALSE,Outdoor Protection,164.17
F,41,Married,Other,FALSE,Outdoor Protection,141.12
F,41,Married,Other,FALSE,Outdoor Protection,138.49
M,24,Single,Other,FALSE,Mountaineering Equipment,122.39
F,48,Married,Other,FALSE,Golf Equipment,112.61
M,41,Married,Professional,FALSE,Golf Equipment,167.62
M,41,Married,Professional,FALSE,Golf Equipment,167.78
F,46,Married,Other,FALSE,Golf Equipment,106.47
F,39,Married,Other,FALSE,Outdoor Protection,139.03
F,20,Single,Other,FALSE,Personal Accessories,104.89
F,19,Single,Other,FALSE,Personal Accessories,89.04
F,42,Married,Sales,FALSE,Outdoor Protection,140.67
F,32,Married,Professional,TRUE,Golf Equipment,136.46
F,21,Single,Other,FALSE,Personal Accessories,101.94
M,25,Single,Other,FALSE,Mountaineering Equipment,133.37
M,25,Single,Other,FALSE,Mountaineering Equipment,129.70
F,48,Married,Professional,FALSE,Golf Equipment,120.28
M,30,Single,Other,FALSE,Mountaineering Equipment,138.20
M,30,Single,Other,FALSE,Mountaineering Equipment,143.94
M,27,Single,Professional,TRUE,Camping Equipment,141.31
M,49,Married,Professional,FALSE,Golf Equipment,139.35
M,49,Married,Professional,FALSE,Golf Equipment,140.27
M,49,Married,Professional,FALSE,Golf Equipment,136.77
M,40,Married,Other,FALSE,Outdoor Protection,161.23
F,38,Unspecified,Hospitality,FALSE,Outdoor Protection,117.60
F,38,Unspecified,Hospitality,FALSE,Outdoor Protection,116.70
M,55,Unspecified,Other,FALSE,Golf Equipment,111.73
M,55,Unspecified,Other,FALSE,Golf Equipment,112.02
M,21,Single,Sales,TRUE,Mountaineering Equipment,115.03
M,21,Single,Sales,TRUE,Mountaineering Equipment,122.38
F,57,Married,Other,FALSE,Golf Equipment,105.73
F,57,Married,Other,FALSE,Golf Equipment,109.98
F,57,Married,Other,FALSE,Golf Equipment,113.88
F,24,Single,Sales,FALSE,Personal Accessories,100.97
F,34,Married,Executive,FALSE,Golf Equipment,148.22
F,34,Married,Executive,FALSE,Golf Equipment,152.36
F,34,Married,Executive,FALSE,Golf Equipment,146.50
M,34,Married,Executive,FALSE,Golf Equipment,168.56
M,34,Married,Executive,FALSE,Golf Equipment,173.13
F,28,Single,Sales,FALSE,Personal Accessories,109.11
M,29,Single,Sales,TRUE,Mountaineering Equipment,125.50
F,21,Married,Retail,TRUE,Personal Accessories,103.61
F,21,Married,Retail,TRUE,Personal Accessories,103.51
F,21,Married,Retail,TRUE,Personal Accessories,104.74
F,39,Married,Other,FALSE,Outdoor Protection,140.99
F,39,Married,Other,FALSE,Outdoor Protection,137.69
F,39,Married,Other,FALSE,Outdoor Protection,135.19
F,39,Married,Other,FALSE,Outdoor Protection,138.23
M,34,Single,Trades,TRUE,Mountaineering Equipment,145.69
M,34,Single,Trades,TRUE,Mountaineering Equipment,152.20
M,34,Married,Other,FALSE,Camping Equipment,145.63
F,34,Married,Executive,FALSE,Golf Equipment,149.68
F,26,Married,Other,FALSE,Camping Equipment,124.06
F,26,Married,Other,FALSE,Camping Equipment,121.01
F,37,Single,Other,FALSE,Outdoor Protection,133.55
F,29,Single,Other,FALSE,Personal Accessories,108.05
M,19,Single,Professional,FALSE,Personal Accessories,124.29
M,41,Married,Other,FALSE,Outdoor Protection,164.27
M,41,Married,Other,FALSE,Outdoor Protection,163.80
M,41,Married,Other,FALSE,Outdoor Protection,160.35
F,27,Single,Professional,TRUE,Personal Accessories,117.08
M,33,Single,Trades,TRUE,Mountaineering Equipment,152.07
F,38,Single,Other,FALSE,Outdoor Protection,134.28
F,44,Married,Other,FALSE,Outdoor Protection,137.82
F,40,Married,Other,FALSE,Outdoor Protection,135.32
F,40,Married,Other,FALSE,Outdoor Protection,142.19
F,40,Married,Other,FALSE,Outdoor Protection,138.28
F,40,Married,Other,FALSE,Outdoor Protection,138.84
M,31,Married,Trades,TRUE,Camping Equipment,163.81
M,32,Married,Executive,FALSE,Golf Equipment,165.22
M,35,Married,Other,FALSE,Outdoor Protection,161.10
M,35,Married,Other,FALSE,Outdoor Protection,156.96
F,18,Single,Professional,FALSE,Personal Accessories,104.72
M,40,Married,Other,FALSE,Outdoor Protection,157.50
M,40,Married,Other,FALSE,Outdoor Protection,158.94
M,40,Married,Other,FALSE,Outdoor Protection,157.54
M,57,Married,Trades,FALSE,Camping Equipment,139.64
M,57,Married,Trades,FALSE,Camping Equipment,136.62
M,20,Single,Other,FALSE,Mountaineering Equipment,120.63
F,27,Single,Other,FALSE,Personal Accessories,114.42
F,51,Married,Other,FALSE,Golf Equipment,113.37
F,33,Single,Professional,FALSE,Personal Accessories,131.32
F,21,Single,Professional,TRUE,Personal Accessories,110.11
M,25,Single,Other,FALSE,Mountaineering Equipment,129.31
F,32,Married,Other,FALSE,Camping Equipment,131.24
F,32,Married,Other,FALSE,Camping Equipment,130.18
F,32,Married,Other,FALSE,Camping Equipment,125.27
F,22,Married,Other,TRUE,Personal Accessories,106.29
F,26,Single,Other,FALSE,Personal Accessories,112.66
M,22,Single,Sales,TRUE,Mountaineering Equipment,124.53
M,22,Single,Sales,TRUE,Mountaineering Equipment,116.02
M,25,Single,Student,TRUE,Camping Equipment,113.94
M,25,Single,Student,TRUE,Camping Equipment,106.84
M,25,Single,Student,TRUE,Camping Equipment,105.86
F,26,Married,Other,FALSE,Camping Equipment,120.22
F,26,Married,Other,FALSE,Camping Equipment,122.73
F,62,Married,Other,FALSE,Golf Equipment,105.20
M,21,Single,Trades,TRUE,Mountaineering Equipment,130.65
M,21,Single,Trades,TRUE,Mountaineering Equipment,130.60
F,31,Married,Hospitality,FALSE,Personal Accessories,125.71
F,31,Married,Hospitality,FALSE,Personal Accessories,128.05
M,19,Single,Professional,FALSE,Personal Accessories,115.60
M,19,Single,Professional,FALSE,Personal Accessories,123.78
F,25,Single,Other,FALSE,Personal Accessories,105.60
F,25,Single,Other,FALSE,Personal Accessories,106.08
F,35,Single,Professional,FALSE,Personal Accessories,141.37
M,28,Single,Sales,TRUE,Mountaineering Equipment,127.14
M,28,Single,Sales,TRUE,Mountaineering Equipment,128.99
M,24,Single,Other,FALSE,Mountaineering Equipment,119.84
F,37,Married,Other,FALSE,Outdoor Protection,142.29
M,36,Married,Professional,FALSE,Golf Equipment,174.41
M,36,Married,Professional,FALSE,Golf Equipment,170.32
M,36,Married,Professional,FALSE,Golf Equipment,171.72
M,40,Married,Other,FALSE,Outdoor Protection,158.87
M,40,Married,Other,FALSE,Outdoor Protection,162.67
M,37,Married,Other,FALSE,Outdoor Protection,164.74
F,67,Married,Other,FALSE,Golf Equipment,108.28
M,24,Single,Other,FALSE,Mountaineering Equipment,117.32
M,24,Single,Other,FALSE,Mountaineering Equipment,120.95
F,23,Single,Other,FALSE,Personal Accessories,100.54
M,34,Married,Sales,TRUE,Camping Equipment,151.81
M,19,Single,Other,FALSE,Personal Accessories,106.30
F,37,Single,Retail,FALSE,Outdoor Protection,123.44
F,20,Single,Other,FALSE,Personal Accessories,100.79
F,38,Married,Professional,FALSE,Golf Equipment,146.53
F,25,Single,Other,FALSE,Personal Accessories,108.91
F,27,Single,Professional,TRUE,Personal Accessories,119.04
M,33,Married,Other,FALSE,Camping Equipment,145.84
M,33,Married,Other,FALSE,Camping Equipment,147.79
M,33,Married,Other,FALSE,Camping Equipment,153.34
F,20,Single,Other,FALSE,Personal Accessories,96.25
M,31,Single,Other,FALSE,Mountaineering Equipment,139.40
M,42,Married,Other,FALSE,Outdoor Protection,157.81
M,21,Single,Student,TRUE,Personal Accessories,104.30
M,48,Unspecified,Other,FALSE,Golf Equipment,106.45
M,48,Unspecified,Other,FALSE,Golf Equipment,113.20
M,48,Unspecified,Other,FALSE,Golf Equipment,112.25
F,49,Married,Other,FALSE,Golf Equipment,114.11
F,49,Married,Hospitality,FALSE,Outdoor Protection,107.54
F,38,Married,Executive,FALSE,Golf Equipment,161.51
F,38,Married,Executive,FALSE,Golf Equipment,164.79
M,31,Single,Professional,TRUE,Camping Equipment,148.27
F,24,Single,Other,FALSE,Personal Accessories,103.62
F,24,Single,Other,FALSE,Personal Accessories,98.30
F,24,Single,Other,FALSE,Personal Accessories,98.00
F,24,Single,Other,FALSE,Personal Accessories,104.22
M,25,Single,Other,FALSE,Mountaineering Equipment,133.04
M,25,Single,Other,FALSE,Mountaineering Equipment,134.93
M,19,Single,Student,FALSE,Personal Accessories,86.37
M,30,Married,Other,FALSE,Camping Equipment,150.86
M,30,Married,Other,FALSE,Camping Equipment,149.83
M,44,Single,Other,FALSE,Outdoor Protection,146.61
F,26,Single,Other,FALSE,Personal Accessories,107.29
F,36,Married,Other,FALSE,Outdoor Protection,136.79
M,42,Single,Other,FALSE,Outdoor Protection,153.90
M,42,Single,Other,FALSE,Outdoor Protection,146.45
F,38,Married,Executive,FALSE,Golf Equipment,161.18
M,39,Married,Sales,FALSE,Outdoor Protection,162.82
F,45,Married,Hospitality,FALSE,Outdoor Protection,112.09
F,20,Single,Other,FALSE,Personal Accessories,98.41
F,33,Married,Other,FALSE,Camping Equipment,132.54
F,47,Married,Retired,FALSE,Golf Equipment,96.53
F,34,Married,Retail,FALSE,Camping Equipment,121.60
M,40,Married,Trades,TRUE,Camping Equipment,170.32
F,25,Married,Professional,TRUE,Camping Equipment,129.73
F,25,Single,Professional,TRUE,Personal Accessories,124.97
M,19,Single,Professional,FALSE,Personal Accessories,121.73
M,19,Single,Professional,FALSE,Personal Accessories,121.34
M,27,Married,Professional,TRUE,Camping Equipment,145.49
F,47,Unspecified,Hospitality,FALSE,Personal Accessories,92.31
M,40,Married,Trades,TRUE,Camping Equipment,172.53
M,40,Married,Trades,TRUE,Camping Equipment,170.88
M,40,Married,Trades,TRUE,Camping Equipment,168.14
M,29,Married,Professional,TRUE,Camping Equipment,152.77
F,19,Single,Student,FALSE,Personal Accessories,68.24
M,34,Single,Professional,TRUE,Camping Equipment,154.03
M,34,Single,Professional,TRUE,Camping Equipment,153.79
F,46,Married,Executive,FALSE,Golf Equipment,133.19
F,46,Married,Executive,FALSE,Golf Equipment,126.84
F,52,Married,Other,FALSE,Golf Equipment,105.29
M,38,Married,Executive,FALSE,Golf Equipment,181.48
M,38,Married,Executive,FALSE,Golf Equipment,184.73
M,43,Single,Sales,FALSE,Outdoor Protection,154.87
F,30,Married,Hospitality,FALSE,Personal Accessories,129.90
F,31,Married,Other,FALSE,Camping Equipment,132.10
F,31,Married,Other,FALSE,Camping Equipment,127.28
F,31,Married,Other,FALSE,Camping Equipment,129.60
M,24,Single,Professional,TRUE,Personal Accessories,134.37
F,29,Single,Hospitality,FALSE,Personal Accessories,110.23
F,39,Unspecified,Other,FALSE,Outdoor Protection,122.99
F,39,Unspecified,Other,FALSE,Outdoor Protection,118.01
F,39,Unspecified,Other,FALSE,Outdoor Protection,119.61
F,62,Married,Other,FALSE,Golf Equipment,111.16
F,29,Single,Professional,TRUE,Personal Accessories,117.45
F,51,Married,Other,FALSE,Golf Equipment,107.05
F,52,Married,Other,FALSE,Golf Equipment,105.33
F,52,Married,Other,FALSE,Golf Equipment,109.07
F,46,Married,Other,FALSE,Golf Equipment,106.16
F,46,Married,Other,FALSE,Golf Equipment,111.52
M,22,Single,Professional,TRUE,Personal Accessories,128.75
F,52,Married,Other,FALSE,Golf Equipment,106.15
M,23,Single,Professional,TRUE,Personal Accessories,127.61
M,29,Single,Trades,TRUE,Mountaineering Equipment,137.49
M,40,Married,Sales,FALSE,Outdoor Protection,161.89
M,37,Married,Sales,FALSE,Outdoor Protection,164.59
M,37,Married,Sales,FALSE,Outdoor Protection,161.16
M,40,Married,Sales,FALSE,Outdoor Protection,155.30
M,56,Married,Other,FALSE,Golf Equipment,132.91
M,27,Single,Professional,TRUE,Camping Equipment,138.69
M,27,Single,Professional,TRUE,Camping Equipment,143.87
F,52,Married,Other,FALSE,Golf Equipment,111.23
F,27,Single,Professional,TRUE,Personal Accessories,121.76
M,20,Single,Trades,TRUE,Mountaineering Equipment,129.78
M,44,Married,Trades,TRUE,Camping Equipment,174.70
M,44,Married,Trades,TRUE,Camping Equipment,165.07
M,40,Married,Trades,TRUE,Camping Equipment,167.06
M,38,Married,Sales,FALSE,Outdoor Protection,162.70
M,19,Single,Sales,FALSE,Personal Accessories,112.16
M,19,Single,Sales,FALSE,Personal Accessories,107.20
M,24,Single,Student,TRUE,Personal Accessories,98.19
F,48,Married,Other,FALSE,Golf Equipment,113.33
F,27,Single,Student,TRUE,Personal Accessories,88.51
F,27,Single,Student,TRUE,Personal Accessories,89.23
F,27,Single,Student,TRUE,Personal Accessories,90.55
F,27,Single,Student,TRUE,Personal Accessories,88.67
F,39,Single,Other,FALSE,Outdoor Protection,132.89
M,33,Married,Professional,TRUE,Camping Equipment,163.51
M,33,Married,Professional,TRUE,Camping Equipment,155.79
F,27,Married,Sales,TRUE,Camping Equipment,123.67
M,26,Married,Other,TRUE,Camping Equipment,142.02
M,33,Married,Other,FALSE,Camping Equipment,152.77
M,34,Married,Sales,TRUE,Camping Equipment,150.74
M,39,Married,Sales,FALSE,Outdoor Protection,156.66
F,42,Married,Other,FALSE,Outdoor Protection,138.00
M,28,Single,Professional,TRUE,Camping Equipment,143.43
M,23,Single,Student,TRUE,Personal Accessories,97.07
F,41,Married,Executive,FALSE,Golf Equipment,164.40
F,41,Married,Executive,FALSE,Golf Equipment,158.40
F,46,Married,Other,FALSE,Golf Equipment,109.81
F,66,Unspecified,Hospitality,FALSE,Personal Accessories,86.70
F,66,Unspecified,Hospitality,FALSE,Personal Accessories,85.60
M,43,Married,Other,FALSE,Outdoor Protection,155.49
M,43,Married,Other,FALSE,Outdoor Protection,157.97
F,37,Married,Executive,FALSE,Golf Equipment,155.91
M,43,Married,Other,FALSE,Outdoor Protection,156.85
M,21,Single,Student,TRUE,Personal Accessories,95.51
M,42,Married,Other,FALSE,Outdoor Protection,161.18
M,27,Single,Trades,TRUE,Mountaineering Equipment,138.78
M,20,Single,Other,FALSE,Mountaineering Equipment,120.77
M,20,Single,Other,FALSE,Mountaineering Equipment,124.84
M,28,Single,Professional,TRUE,Camping Equipment,137.96
M,31,Married,Trades,TRUE,Camping Equipment,164.48
M,26,Single,Other,FALSE,Mountaineering Equipment,133.54
M,23,Single,Sales,TRUE,Mountaineering Equipment,121.86
F,35,Married,Other,FALSE,Outdoor Protection,140.52
F,35,Married,Other,FALSE,Outdoor Protection,143.81
M,58,Married,Other,FALSE,Golf Equipment,127.67
F,49,Married,Other,FALSE,Golf Equipment,111.81
F,41,Married,Retired,FALSE,Golf Equipment,129.01
F,63,Married,Retired,FALSE,Golf Equipment,100.00
F,38,Married,Other,FALSE,Outdoor Protection,139.80
F,30,Married,Hospitality,FALSE,Personal Accessories,129.32
F,27,Single,Other,FALSE,Personal Accessories,110.27
F,27,Single,Other,FALSE,Personal Accessories,112.63
M,33,Married,Sales,TRUE,Camping Equipment,153.99
M,33,Married,Sales,TRUE,Camping Equipment,146.18
M,44,Married,Other,FALSE,Outdoor Protection,160.76
M,24,Single,Other,FALSE,Mountaineering Equipment,123.95
M,24,Single,Other,FALSE,Mountaineering Equipment,115.10
F,44,Married,Other,FALSE,Outdoor Protection,143.35
F,44,Married,Other,FALSE,Outdoor Protection,144.11
F,35,Married,Executive,FALSE,Golf Equipment,156.09
M,24,Single,Other,FALSE,Mountaineering Equipment,117.02
M,24,Single,Other,FALSE,Mountaineering Equipment,117.38
M,44,Married,Trades,TRUE,Camping Equipment,170.30
M,44,Married,Trades,TRUE,Camping Equipment,170.22
M,44,Married,Trades,TRUE,Camping Equipment,171.93
F,25,Single,Other,FALSE,Personal Accessories,110.25
F,25,Single,Other,FALSE,Personal Accessories,109.58
F,25,Single,Other,FALSE,Personal Accessories,112.98
F,25,Single,Other,FALSE,Personal Accessories,106.92
M,41,Single,Sales,FALSE,Outdoor Protection,153.32
M,41,Single,Sales,FALSE,Outdoor Protection,154.21
M,41,Single,Sales,FALSE,Outdoor Protection,145.47
M,41,Single,Sales,FALSE,Outdoor Protection,146.90
M,41,Single,Sales,FALSE,Outdoor Protection,151.35
M,41,Single,Sales,FALSE,Outdoor Protection,145.27
M,40,Married,Professional,FALSE,Golf Equipment,173.13
F,39,Married,Executive,FALSE,Golf Equipment,164.16
M,40,Married,Executive,FALSE,Golf Equipment,183.51
M,40,Married,Executive,FALSE,Golf Equipment,179.09
F,43,Married,Other,FALSE,Outdoor Protection,142.32
F,43,Married,Other,FALSE,Outdoor Protection,143.42
M,40,Married,Professional,FALSE,Golf Equipment,165.05
M,24,Single,Student,TRUE,Personal Accessories,96.88
M,39,Single,Executive,FALSE,Outdoor Protection,172.24
F,29,Single,Professional,TRUE,Personal Accessories,119.25
F,29,Single,Professional,TRUE,Personal Accessories,119.63
F,26,Single,Student,TRUE,Personal Accessories,85.82
M,27,Single,Trades,TRUE,Mountaineering Equipment,136.13
M,27,Single,Trades,TRUE,Mountaineering Equipment,141.30
M,27,Single,Trades,TRUE,Mountaineering Equipment,141.41
M,22,Single,Trades,TRUE,Mountaineering Equipment,125.43
F,37,Married,Executive,FALSE,Golf Equipment,158.07
M,33,Married,Executive,FALSE,Golf Equipment,172.56
F,25,Single,Retail,FALSE,Personal Accessories,103.68
M,33,Married,Executive,FALSE,Golf Equipment,167.05
M,43,Married,Executive,FALSE,Golf Equipment,176.40
M,42,Married,Executive,FALSE,Golf Equipment,179.53
M,25,Married,Other,TRUE,Camping Equipment,140.71
M,25,Married,Other,TRUE,Camping Equipment,135.96
M,24,Single,Trades,TRUE,Mountaineering Equipment,128.13
M,24,Single,Trades,TRUE,Mountaineering Equipment,134.95
F,38,Married,Executive,FALSE,Golf Equipment,157.03
F,28,Single,Professional,TRUE,Personal Accessories,116.04
F,37,Single,Other,FALSE,Outdoor Protection,126.39
M,36,Single,Executive,FALSE,Outdoor Protection,169.51
M,36,Single,Executive,FALSE,Outdoor Protection,172.96
F,29,Single,Retail,FALSE,Personal Accessories,99.33
F,29,Single,Retail,FALSE,Personal Accessories,98.67
F,38,Married,Sales,FALSE,Outdoor Protection,137.98
M,31,Married,Other,FALSE,Camping Equipment,146.80
M,34,Married,Other,FALSE,Camping Equipment,152.52
F,47,Married,Other,FALSE,Golf Equipment,106.34
F,47,Married,Other,FALSE,Golf Equipment,109.24
F,26,Married,Retail,FALSE,Camping Equipment,105.82
F,47,Married,Professional,FALSE,Golf Equipment,123.68
M,41,Married,Professional,FALSE,Golf Equipment,168.62
F,44,Married,Other,FALSE,Outdoor Protection,139.65
F,31,Married,Other,FALSE,Camping Equipment,133.89
F,31,Married,Other,FALSE,Camping Equipment,131.11
F,23,Single,Student,TRUE,Personal Accessories,75.93
F,42,Unspecified,Hospitality,FALSE,Outdoor Protection,123.62
F,44,Unspecified,Hospitality,FALSE,Outdoor Protection,123.28
F,44,Unspecified,Hospitality,FALSE,Outdoor Protection,122.45
M,46,Married,Professional,FALSE,Golf Equipment,140.86
M,46,Married,Professional,FALSE,Golf Equipment,140.88
M,58,Married,Professional,FALSE,Golf Equipment,142.64
M,58,Married,Professional,FALSE,Golf Equipment,137.04
M,28,Single,Other,FALSE,Mountaineering Equipment,130.07
F,42,Married,Other,FALSE,Outdoor Protection,140.45
F,42,Married,Other,FALSE,Outdoor Protection,139.12
M,41,Married,Other,FALSE,Outdoor Protection,161.92
M,41,Married,Other,FALSE,Outdoor Protection,161.61
F,27,Single,Professional,TRUE,Personal Accessories,122.29
F,65,Married,Retired,FALSE,Golf Equipment,104.32
F,37,Single,Other,FALSE,Outdoor Protection,132.19
M,30,Married,Other,FALSE,Camping Equipment,145.97
F,37,Married,Professional,FALSE,Golf Equipment,152.29
F,37,Married,Professional,FALSE,Golf Equipment,148.13
F,28,Single,Professional,TRUE,Personal Accessories,117.81
M,20,Single,Trades,TRUE,Mountaineering Equipment,130.97
M,20,Single,Trades,TRUE,Mountaineering Equipment,125.34
M,55,Married,Other,FALSE,Golf Equipment,131.31
M,55,Married,Other,FALSE,Golf Equipment,132.55
M,55,Married,Other,FALSE,Golf Equipment,128.65
M,40,Married,Executive,FALSE,Golf Equipment,175.65
M,22,Single,Other,FALSE,Mountaineering Equipment,124.89
F,25,Married,Other,FALSE,Camping Equipment,124.10
M,43,Married,Other,FALSE,Outdoor Protection,155.94
F,24,Single,Other,FALSE,Personal Accessories,95.89
M,41,Single,Other,FALSE,Outdoor Protection,153.16
M,41,Single,Other,FALSE,Outdoor Protection,145.11
F,36,Married,Other,FALSE,Outdoor Protection,137.36
F,36,Married,Other,FALSE,Outdoor Protection,139.60
M,24,Single,Retail,FALSE,Personal Accessories,111.12
M,24,Single,Retail,FALSE,Personal Accessories,109.12
M,24,Single,Retail,FALSE,Personal Accessories,106.38
M,21,Single,Sales,TRUE,Mountaineering Equipment,115.68
M,21,Single,Sales,TRUE,Mountaineering Equipment,119.70
M,41,Married,Trades,TRUE,Camping Equipment,167.00
F,26,Single,Student,TRUE,Personal Accessories,92.15
M,49,Married,Retired,FALSE,Golf Equipment,121.93
M,49,Married,Retired,FALSE,Golf Equipment,123.97
M,33,Married,Other,FALSE,Camping Equipment,148.08
M,33,Married,Other,FALSE,Camping Equipment,148.74
M,58,Married,Trades,FALSE,Camping Equipment,143.10
M,58,Married,Trades,FALSE,Camping Equipment,141.04
M,36,Married,Professional,FALSE,Golf Equipment,173.60
M,48,Married,Trades,FALSE,Camping Equipment,137.17
M,48,Married,Trades,FALSE,Camping Equipment,138.28
F,19,Single,Other,FALSE,Personal Accessories,92.72
F,25,Single,Other,FALSE,Personal Accessories,106.41
M,55,Unspecified,Other,FALSE,Golf Equipment,112.70
M,55,Unspecified,Other,FALSE,Golf Equipment,113.79
M,55,Unspecified,Other,FALSE,Golf Equipment,110.89
F,43,Unspecified,Hospitality,FALSE,Outdoor Protection,122.21
M,20,Single,Sales,TRUE,Mountaineering Equipment,121.48
F,41,Married,Professional,FALSE,Golf Equipment,149.06
M,21,Single,Other,FALSE,Mountaineering Equipment,115.01
M,46,Married,Trades,FALSE,Camping Equipment,144.75
F,32,Married,Other,FALSE,Camping Equipment,134.03
M,26,Single,Other,FALSE,Mountaineering Equipment,125.64
F,20,Single,Other,FALSE,Personal Accessories,96.71
F,19,Single,Hospitality,FALSE,Personal Accessories,86.37
F,19,Single,Hospitality,FALSE,Personal Accessories,92.19
F,19,Single,Hospitality,FALSE,Personal Accessories,90.66
F,19,Single,Hospitality,FALSE,Personal Accessories,93.29
M,59,Married,Other,FALSE,Golf Equipment,127.93
M,45,Unspecified,Trades,FALSE,Camping Equipment,124.24
F,45,Married,Executive,FALSE,Golf Equipment,126.68
M,40,Married,Executive,FALSE,Golf Equipment,180.05
M,40,Married,Executive,FALSE,Golf Equipment,178.47
M,41,Married,Executive,FALSE,Golf Equipment,180.71
M,41,Married,Executive,FALSE,Golf Equipment,178.48
F,30,Married,Professional,TRUE,Golf Equipment,137.75
F,30,Married,Professional,TRUE,Golf Equipment,144.41
F,26,Married,Sales,TRUE,Camping Equipment,121.04
F,26,Married,Sales,TRUE,Camping Equipment,124.44
M,26,Single,Trades,TRUE,Mountaineering Equipment,137.51
M,29,Single,Other,FALSE,Mountaineering Equipment,125.83
F,34,Single,Professional,FALSE,Personal Accessories,126.46
F,20,Single,Professional,TRUE,Personal Accessories,105.22
F,30,Married,Executive,FALSE,Golf Equipment,154.17
F,30,Married,Executive,FALSE,Golf Equipment,148.11
M,30,Married,Other,FALSE,Camping Equipment,146.53
F,25,Single,Professional,TRUE,Personal Accessories,124.27
F,25,Single,Professional,TRUE,Personal Accessories,122.95
F,25,Single,Professional,TRUE,Personal Accessories,120.97
F,45,Married,Hospitality,FALSE,Outdoor Protection,110.52
F,45,Married,Hospitality,FALSE,Outdoor Protection,111.43
F,45,Married,Hospitality,FALSE,Outdoor Protection,110.26
M,37,Married,Executive,FALSE,Golf Equipment,184.19
M,37,Married,Executive,FALSE,Golf Equipment,184.12
M,37,Married,Executive,FALSE,Golf Equipment,182.36
M,37,Married,Executive,FALSE,Golf Equipment,184.56
F,38,Married,Other,FALSE,Outdoor Protection,142.91
F,28,Married,Executive,FALSE,Personal Accessories,144.33
F,35,Single,Other,FALSE,Outdoor Protection,132.48
F,61,Married,Other,FALSE,Golf Equipment,107.90
F,61,Married,Other,FALSE,Golf Equipment,109.84
M,20,Single,Other,FALSE,Mountaineering Equipment,115.28
M,20,Single,Other,FALSE,Mountaineering Equipment,119.53
F,29,Single,Professional,TRUE,Personal Accessories,118.47
F,22,Single,Other,FALSE,Personal Accessories,97.18
F,37,Single,Other,FALSE,Outdoor Protection,134.69
M,24,Single,Executive,FALSE,Personal Accessories,144.74
M,24,Single,Executive,FALSE,Personal Accessories,142.00
M,26,Married,Sales,TRUE,Camping Equipment,138.95
M,27,Single,Other,FALSE,Mountaineering Equipment,134.28
F,43,Married,Professional,FALSE,Golf Equipment,150.92
F,59,Married,Other,FALSE,Golf Equipment,105.63
F,41,Married,Professional,FALSE,Golf Equipment,153.46
F,41,Married,Professional,FALSE,Golf Equipment,145.43
F,30,Married,Other,FALSE,Camping Equipment,125.34
F,30,Married,Other,FALSE,Camping Equipment,129.21
F,30,Married,Other,FALSE,Camping Equipment,126.39
F,30,Married,Other,FALSE,Camping Equipment,130.26
M,30,Married,Other,FALSE,Camping Equipment,154.21
M,25,Single,Professional,TRUE,Camping Equipment,144.00
M,25,Single,Professional,TRUE,Camping Equipment,144.63
M,42,Married,Sales,FALSE,Outdoor Protection,161.35
F,45,Married,Professional,FALSE,Golf Equipment,119.22
F,38,Unspecified,Hospitality,FALSE,Outdoor Protection,115.76
F,34,Married,Other,FALSE,Camping Equipment,131.55
M,20,Single,Trades,TRUE,Mountaineering Equipment,125.94
M,20,Single,Trades,TRUE,Mountaineering Equipment,131.89
F,33,Single,Other,FALSE,Personal Accessories,119.37
F,31,Married,Executive,FALSE,Golf Equipment,153.13
F,31,Married,Executive,FALSE,Golf Equipment,154.86
M,28,Single,Trades,TRUE,Mountaineering Equipment,140.87
M,35,Married,Trades,TRUE,Camping Equipment,170.66
M,35,Married,Trades,TRUE,Camping Equipment,168.80
M,40,Married,Other,FALSE,Outdoor Protection,158.17
M,40,Married,Other,FALSE,Outdoor Protection,160.21
M,26,Married,Other,TRUE,Camping Equipment,135.30
M,25,Married,Other,TRUE,Camping Equipment,142.07
F,33,Married,Other,FALSE,Camping Equipment,132.80
F,43,Married,Professional,FALSE,Golf Equipment,150.56
M,31,Single,Other,FALSE,Mountaineering Equipment,137.18
M,37,Single,Professional,FALSE,Outdoor Protection,163.72
M,29,Single,Retail,FALSE,Camping Equipment,116.84
M,19,Single,Retail,FALSE,Personal Accessories,99.03
F,59,Married,Other,FALSE,Golf Equipment,107.88
M,40,Married,Sales,FALSE,Outdoor Protection,157.13
M,40,Married,Sales,FALSE,Outdoor Protection,160.74
M,36,Married,Other,FALSE,Outdoor Protection,160.32
F,44,Unspecified,Hospitality,FALSE,Outdoor Protection,121.25
M,37,Married,Other,FALSE,Outdoor Protection,159.10
M,30,Married,Other,FALSE,Camping Equipment,153.93
M,47,Married,Professional,FALSE,Golf Equipment,142.46
M,21,Single,Student,TRUE,Personal Accessories,98.60
M,21,Single,Student,TRUE,Personal Accessories,103.21
M,21,Single,Student,TRUE,Personal Accessories,101.68
F,47,Unspecified,Hospitality,FALSE,Personal Accessories,88.99
F,24,Unspecified,Other,FALSE,Personal Accessories,88.05
F,44,Married,Retired,FALSE,Golf Equipment,130.22
F,44,Married,Retired,FALSE,Golf Equipment,132.95
M,35,Married,Executive,FALSE,Golf Equipment,183.38
M,58,Married,Other,FALSE,Golf Equipment,134.61
M,39,Single,Professional,FALSE,Outdoor Protection,157.87
M,39,Single,Professional,FALSE,Outdoor Protection,163.95
M,39,Single,Professional,FALSE,Outdoor Protection,156.64
M,39,Single,Professional,FALSE,Outdoor Protection,159.23
F,39,Married,Other,FALSE,Outdoor Protection,136.79
M,32,Single,Student,TRUE,Camping Equipment,120.55
M,32,Single,Student,TRUE,Camping Equipment,116.99
M,32,Single,Student,TRUE,Camping Equipment,120.99
F,27,Single,Professional,TRUE,Personal Accessories,119.67
F,25,Married,Sales,TRUE,Camping Equipment,120.33
F,25,Single,Professional,TRUE,Personal Accessories,123.71
F,31,Married,Other,FALSE,Camping Equipment,125.27
M,28,Single,Trades,TRUE,Mountaineering Equipment,139.36
M,28,Single,Trades,TRUE,Mountaineering Equipment,141.85
F,36,Unspecified,Hospitality,FALSE,Outdoor Protection,118.75
M,34,Single,Student,TRUE,Camping Equipment,119.13
M,29,Single,Professional,TRUE,Camping Equipment,136.81
M,29,Single,Professional,TRUE,Camping Equipment,135.17
F,44,Married,Other,FALSE,Outdoor Protection,141.77
F,44,Married,Other,FALSE,Outdoor Protection,142.97
M,26,Married,Executive,TRUE,Outdoor Protection,163.73
M,36,Married,Professional,FALSE,Golf Equipment,168.92
M,36,Married,Professional,FALSE,Golf Equipment,169.18
M,36,Married,Professional,FALSE,Golf Equipment,168.07
F,26,Single,Professional,TRUE,Personal Accessories,116.42
F,26,Single,Professional,TRUE,Personal Accessories,122.72
F,37,Married,Executive,FALSE,Golf Equipment,158.60
M,40,Married,Executive,FALSE,Golf Equipment,180.18
M,40,Married,Executive,FALSE,Golf Equipment,176.21
M,40,Married,Executive,FALSE,Golf Equipment,175.25
M,34,Married,Executive,FALSE,Golf Equipment,171.54
M,32,Married,Trades,TRUE,Camping Equipment,157.29
M,32,Married,Trades,TRUE,Camping Equipment,162.23
F,28,Unspecified,Professional,TRUE,Personal Accessories,112.87
F,28,Unspecified,Professional,TRUE,Personal Accessories,105.51
F,28,Unspecified,Professional,TRUE,Personal Accessories,110.01
F,28,Unspecified,Professional,TRUE,Personal Accessories,107.73
F,45,Married,Hospitality,FALSE,Outdoor Protection,114.12
F,45,Married,Hospitality,FALSE,Outdoor Protection,110.12
F,45,Married,Hospitality,FALSE,Outdoor Protection,106.89
F,45,Married,Hospitality,FALSE,Outdoor Protection,106.12
M,20,Single,Student,TRUE,Personal Accessories,102.45
M,20,Single,Student,TRUE,Personal Accessories,101.55
M,20,Single,Student,TRUE,Personal Accessories,103.19
M,20,Single,Student,TRUE,Personal Accessories,95.14
M,42,Married,Trades,TRUE,Camping Equipment,168.76
F,34,Married,Executive,FALSE,Golf Equipment,150.22
M,28,Single,Other,FALSE,Mountaineering Equipment,131.00
M,28,Single,Other,FALSE,Mountaineering Equipment,134.97
M,25,Single,Sales,TRUE,Mountaineering Equipment,126.65
M,19,Single,Trades,FALSE,Personal Accessories,117.35
M,19,Single,Trades,FALSE,Personal Accessories,120.74
F,38,Married,Executive,FALSE,Golf Equipment,156.26
M,19,Single,Professional,FALSE,Personal Accessories,117.46
M,19,Single,Professional,FALSE,Personal Accessories,123.15
M,19,Single,Professional,FALSE,Personal Accessories,123.65
M,30,Single,Trades,TRUE,Mountaineering Equipment,152.82
M,30,Single,Trades,TRUE,Mountaineering Equipment,148.55
M,30,Single,Trades,TRUE,Mountaineering Equipment,147.86
F,39,Single,Professional,FALSE,Personal Accessories,143.03
F,32,Married,Other,FALSE,Camping Equipment,126.15
F,32,Married,Other,FALSE,Camping Equipment,133.97
M,39,Married,Executive,FALSE,Golf Equipment,184.50
F,49,Married,Other,FALSE,Golf Equipment,105.57
F,41,Married,Executive,FALSE,Golf Equipment,159.79
M,31,Single,Other,FALSE,Mountaineering Equipment,144.24
M,31,Single,Other,FALSE,Mountaineering Equipment,140.81
M,34,Unspecified,Sales,FALSE,Camping Equipment,128.05
M,34,Unspecified,Sales,FALSE,Camping Equipment,125.03
M,30,Married,Trades,TRUE,Camping Equipment,164.20
M,18,Single,Student,FALSE,Personal Accessories,90.31
M,30,Married,Other,FALSE,Camping Equipment,154.95
M,30,Married,Other,FALSE,Camping Equipment,145.61
M,37,Married,Professional,FALSE,Golf Equipment,172.70
F,31,Single,Other,FALSE,Personal Accessories,119.88
M,20,Single,Student,TRUE,Personal Accessories,103.13
M,35,Married,Executive,FALSE,Golf Equipment,179.47
M,35,Married,Executive,FALSE,Golf Equipment,183.38
M,35,Married,Executive,FALSE,Golf Equipment,182.35
M,35,Married,Executive,FALSE,Golf Equipment,178.73
M,31,Married,Other,FALSE,Camping Equipment,146.23
M,31,Married,Other,FALSE,Camping Equipment,149.92
M,31,Married,Other,FALSE,Camping Equipment,147.68
M,31,Married,Other,FALSE,Camping Equipment,152.40
M,40,Single,Other,FALSE,Outdoor Protection,152.72
M,19,Single,Professional,FALSE,Personal Accessories,122.35
M,19,Single,Professional,FALSE,Personal Accessories,119.73
F,23,Married,Retail,TRUE,Personal Accessories,98.04
F,23,Married,Retail,TRUE,Personal Accessories,96.47
F,21,Single,Other,FALSE,Personal Accessories,98.28
M,37,Single,Other,FALSE,Outdoor Protection,146.47
M,42,Married,Trades,TRUE,Camping Equipment,172.18
M,42,Married,Trades,TRUE,Camping Equipment,165.21
F,38,Married,Other,FALSE,Outdoor Protection,139.35
M,27,Single,Trades,TRUE,Mountaineering Equipment,136.39
M,27,Single,Trades,TRUE,Mountaineering Equipment,144.56
M,35,Married,Other,FALSE,Outdoor Protection,158.62
M,35,Married,Other,FALSE,Outdoor Protection,163.51
F,34,Married,Other,FALSE,Camping Equipment,127.31
F,29,Single,Other,FALSE,Personal Accessories,113.80
F,29,Single,Other,FALSE,Personal Accessories,110.53
F,43,Married,Other,FALSE,Outdoor Protection,142.71
F,43,Married,Other,FALSE,Outdoor Protection,138.87
M,37,Married,Sales,FALSE,Outdoor Protection,156.12
M,37,Married,Sales,FALSE,Outdoor Protection,155.18
F,49,Married,Other,FALSE,Golf Equipment,113.81
F,26,Single,Professional,TRUE,Personal Accessories,118.27
M,28,Single,Sales,TRUE,Mountaineering Equipment,126.45
M,28,Single,Sales,TRUE,Mountaineering Equipment,129.56
F,27,Married,Executive,FALSE,Personal Accessories,139.41
F,41,Married,Executive,FALSE,Golf Equipment,162.41
M,27,Single,Sales,TRUE,Mountaineering Equipment,127.99
F,33,Single,Retail,FALSE,Personal Accessories,112.12
F,33,Single,Retail,FALSE,Personal Accessories,114.69
F,33,Single,Retail,FALSE,Personal Accessories,107.80
F,33,Single,Retail,FALSE,Personal Accessories,108.63
F,33,Single,Retail,FALSE,Personal Accessories,108.73
F,43,Married,Other,FALSE,Outdoor Protection,142.04
F,29,Married,Sales,TRUE,Camping Equipment,123.27
M,45,Married,Retired,FALSE,Golf Equipment,123.15
M,45,Married,Retired,FALSE,Golf Equipment,119.84
F,32,Single,Other,FALSE,Personal Accessories,122.53
F,39,Married,Other,FALSE,Outdoor Protection,143.12
M,28,Married,Professional,TRUE,Camping Equipment,153.60
M,26,Married,Other,TRUE,Camping Equipment,141.24
M,26,Married,Other,TRUE,Camping Equipment,139.08
M,26,Married,Other,TRUE,Camping Equipment,139.29
F,45,Married,Other,FALSE,Golf Equipment,108.28
F,45,Married,Other,FALSE,Golf Equipment,114.39
F,41,Married,Other,FALSE,Outdoor Protection,144.15
F,41,Married,Other,FALSE,Outdoor Protection,135.38
F,27,Married,Other,FALSE,Camping Equipment,119.58
M,33,Married,Executive,FALSE,Golf Equipment,172.78
M,33,Married,Executive,FALSE,Golf Equipment,166.23
F,31,Single,Professional,FALSE,Personal Accessories,127.65
F,35,Unspecified,Other,FALSE,Outdoor Protection,124.49
F,35,Unspecified,Other,FALSE,Outdoor Protection,122.06
F,35,Unspecified,Other,FALSE,Outdoor Protection,123.66
F,29,Single,Other,FALSE,Personal Accessories,108.61
F,29,Single,Other,FALSE,Personal Accessories,114.27
F,46,Married,Other,FALSE,Golf Equipment,113.56
M,29,Single,Professional,TRUE,Camping Equipment,136.55
M,29,Single,Other,FALSE,Mountaineering Equipment,133.83
F,25,Single,Other,FALSE,Personal Accessories,113.59
F,23,Single,Professional,TRUE,Personal Accessories,107.38
F,28,Single,Professional,TRUE,Personal Accessories,118.26
F,50,Married,Professional,FALSE,Golf Equipment,120.90
M,26,Married,Other,TRUE,Camping Equipment,142.16
M,26,Married,Other,TRUE,Camping Equipment,139.37
M,43,Married,Other,FALSE,Outdoor Protection,161.06
M,37,Married,Other,FALSE,Outdoor Protection,161.06
M,37,Married,Other,FALSE,Outdoor Protection,162.38
F,28,Married,Sales,TRUE,Camping Equipment,122.88
M,40,Married,Other,FALSE,Outdoor Protection,160.10
M,40,Married,Other,FALSE,Outdoor Protection,157.51
M,40,Married,Other,FALSE,Outdoor Protection,159.63
F,53,Married,Retail,FALSE,Outdoor Protection,96.09
M,30,Single,Student,TRUE,Camping Equipment,115.20
M,30,Single,Student,TRUE,Camping Equipment,119.42
F,38,Married,Professional,FALSE,Golf Equipment,153.03
F,45,Unspecified,Hospitality,FALSE,Personal Accessories,92.76
M,54,Married,Professional,FALSE,Golf Equipment,140.35
M,54,Married,Professional,FALSE,Golf Equipment,143.64
M,41,Married,Sales,FALSE,Outdoor Protection,156.14
M,41,Married,Sales,FALSE,Outdoor Protection,160.53
F,67,Married,Other,FALSE,Golf Equipment,114.95
F,32,Single,Professional,FALSE,Personal Accessories,126.88
F,37,Married,Other,FALSE,Outdoor Protection,144.54
F,37,Married,Other,FALSE,Outdoor Protection,140.48
M,24,Single,Student,TRUE,Personal Accessories,98.87
M,24,Single,Student,TRUE,Personal Accessories,102.50
F,21,Single,Sales,FALSE,Personal Accessories,104.40
F,20,Single,Other,FALSE,Personal Accessories,96.17
M,19,Single,Sales,FALSE,Personal Accessories,105.48
F,20,Single,Professional,TRUE,Personal Accessories,111.98
F,39,Single,Other,FALSE,Outdoor Protection,131.40
M,26,Married,Sales,TRUE,Camping Equipment,142.76
M,24,Single,Retail,FALSE,Personal Accessories,112.87
M,24,Single,Retail,FALSE,Personal Accessories,108.91
M,24,Single,Retail,FALSE,Personal Accessories,112.21
M,42,Married,Professional,FALSE,Golf Equipment,167.36
F,29,Single,Professional,TRUE,Personal Accessories,116.73
F,29,Single,Professional,TRUE,Personal Accessories,117.62
F,29,Single,Professional,TRUE,Personal Accessories,120.98
F,20,Single,Other,FALSE,Personal Accessories,100.50
F,20,Single,Other,FALSE,Personal Accessories,98.01
F,27,Single,Other,FALSE,Personal Accessories,110.55
F,20,Single,Other,FALSE,Personal Accessories,96.06
F,39,Single,Retail,FALSE,Outdoor Protection,119.15
M,25,Married,Sales,TRUE,Camping Equipment,144.03
M,25,Married,Sales,TRUE,Camping Equipment,135.20
F,38,Single,Other,FALSE,Outdoor Protection,130.25
M,21,Single,Sales,TRUE,Mountaineering Equipment,119.80
M,21,Single,Sales,TRUE,Mountaineering Equipment,116.68
F,26,Married,Retail,FALSE,Camping Equipment,109.56
F,26,Married,Retail,FALSE,Camping Equipment,114.73
M,33,Married,Sales,TRUE,Camping Equipment,154.16
M,33,Married,Sales,TRUE,Camping Equipment,151.40
M,25,Single,Sales,TRUE,Mountaineering Equipment,132.14
M,25,Single,Sales,TRUE,Mountaineering Equipment,125.75
F,46,Unspecified,Sales,FALSE,Personal Accessories,89.97
M,36,Married,Other,FALSE,Outdoor Protection,159.03
M,27,Single,Trades,TRUE,Mountaineering Equipment,143.48
M,27,Single,Trades,TRUE,Mountaineering Equipment,140.63
M,39,Married,Sales,FALSE,Outdoor Protection,156.60
M,39,Married,Sales,FALSE,Outdoor Protection,160.89
M,39,Married,Sales,FALSE,Outdoor Protection,159.31
F,29,Married,Sales,TRUE,Camping Equipment,122.34
F,24,Single,Professional,TRUE,Personal Accessories,111.26
F,35,Married,Other,FALSE,Outdoor Protection,144.83
M,39,Married,Sales,FALSE,Outdoor Protection,164.33
M,39,Married,Sales,FALSE,Outdoor Protection,157.56
M,39,Married,Sales,FALSE,Outdoor Protection,159.20
M,39,Married,Sales,FALSE,Outdoor Protection,161.77
M,26,Single,Trades,TRUE,Mountaineering Equipment,136.05
F,25,Single,Other,FALSE,Personal Accessories,112.84
M,56,Married,Other,FALSE,Golf Equipment,131.14
M,56,Married,Other,FALSE,Golf Equipment,133.43
M,43,Married,Other,FALSE,Outdoor Protection,163.64
M,25,Single,Other,FALSE,Mountaineering Equipment,133.26
M,25,Single,Other,FALSE,Mountaineering Equipment,130.80
M,55,Married,Other,FALSE,Golf Equipment,125.77
M,55,Married,Other,FALSE,Golf Equipment,133.71
F,22,Single,Student,TRUE,Personal Accessories,75.95
M,46,Unspecified,Trades,FALSE,Camping Equipment,120.33
M,46,Unspecified,Trades,FALSE,Camping Equipment,115.37
F,47,Married,Executive,FALSE,Golf Equipment,131.95
F,47,Married,Executive,FALSE,Golf Equipment,126.73
F,26,Married,Other,FALSE,Camping Equipment,122.05
M,27,Single,Sales,TRUE,Mountaineering Equipment,132.72
M,27,Single,Sales,TRUE,Mountaineering Equipment,128.77
F,21,Single,Other,FALSE,Personal Accessories,102.00
F,19,Single,Retail,FALSE,Personal Accessories,76.77
F,28,Married,Other,FALSE,Camping Equipment,117.86
F,37,Married,Other,FALSE,Outdoor Protection,136.90
F,23,Married,Other,TRUE,Personal Accessories,109.04
M,20,Single,Trades,TRUE,Mountaineering Equipment,128.48
F,30,Married,Other,FALSE,Camping Equipment,132.51
F,63,Married,Other,FALSE,Golf Equipment,107.39
M,37,Married,Trades,TRUE,Camping Equipment,167.57
M,37,Married,Trades,TRUE,Camping Equipment,169.88
F,26,Single,Professional,TRUE,Personal Accessories,121.21
F,37,Single,Other,FALSE,Outdoor Protection,129.15
F,37,Single,Other,FALSE,Outdoor Protection,132.42
M,40,Married,Trades,TRUE,Camping Equipment,166.14
M,40,Married,Trades,TRUE,Camping Equipment,170.20
M,31,Married,Other,FALSE,Camping Equipment,148.05
F,36,Married,Sales,FALSE,Outdoor Protection,137.62
F,37,Single,Other,FALSE,Outdoor Protection,134.87
F,33,Single,Professional,FALSE,Personal Accessories,133.90
M,35,Married,Sales,FALSE,Outdoor Protection,163.43
M,35,Married,Sales,FALSE,Outdoor Protection,164.87
M,35,Married,Sales,FALSE,Outdoor Protection,157.78
F,34,Single,Retail,FALSE,Personal Accessories,113.18
F,34,Single,Retail,FALSE,Personal Accessories,105.17
F,27,Single,Other,FALSE,Personal Accessories,111.62
M,31,Married,Executive,FALSE,Golf Equipment,170.35
F,25,Single,Retail,FALSE,Personal Accessories,95.69
M,54,Married,Other,FALSE,Golf Equipment,132.48
M,54,Married,Other,FALSE,Golf Equipment,134.43
F,31,Single,Professional,FALSE,Personal Accessories,125.02
F,38,Married,Other,FALSE,Outdoor Protection,136.84
F,31,Married,Executive,FALSE,Golf Equipment,150.77
F,31,Married,Executive,FALSE,Golf Equipment,145.99
M,50,Married,Other,FALSE,Golf Equipment,134.98
F,30,Married,Other,FALSE,Camping Equipment,127.23
F,30,Married,Other,FALSE,Camping Equipment,130.30
M,45,Married,Trades,FALSE,Camping Equipment,139.34
M,45,Married,Trades,FALSE,Camping Equipment,144.38
M,45,Married,Trades,FALSE,Camping Equipment,136.42
F,44,Unspecified,Hospitality,FALSE,Outdoor Protection,122.99
M,35,Married,Trades,TRUE,Camping Equipment,173.22
M,35,Married,Trades,TRUE,Camping Equipment,167.11
M,35,Married,Trades,TRUE,Camping Equipment,165.14
M,22,Single,Student,TRUE,Personal Accessories,102.25
F,29,Married,Executive,FALSE,Personal Accessories,140.54
M,35,Married,Sales,FALSE,Outdoor Protection,162.22
M,35,Married,Sales,FALSE,Outdoor Protection,155.26
M,27,Single,Trades,TRUE,Mountaineering Equipment,138.44
M,33,Married,Executive,FALSE,Golf Equipment,169.10
M,35,Married,Sales,FALSE,Outdoor Protection,161.24
F,37,Married,Professional,FALSE,Golf Equipment,149.75
M,30,Married,Other,FALSE,Camping Equipment,145.65
F,22,Married,Retail,TRUE,Personal Accessories,99.43
M,29,Single,Other,FALSE,Mountaineering Equipment,128.29
F,32,Married,Executive,FALSE,Golf Equipment,149.25
M,41,Married,Professional,FALSE,Golf Equipment,166.45
F,22,Single,Other,FALSE,Personal Accessories,103.73
F,33,Married,Other,FALSE,Camping Equipment,131.91
F,36,Single,Other,FALSE,Outdoor Protection,131.52
M,35,Married,Executive,FALSE,Golf Equipment,175.41
M,35,Married,Executive,FALSE,Golf Equipment,177.10
M,35,Married,Executive,FALSE,Golf Equipment,184.79
M,33,Married,Other,FALSE,Camping Equipment,145.51
M,48,Unspecified,Trades,FALSE,Camping Equipment,117.34
F,30,Single,Professional,FALSE,Personal Accessories,129.89
F,65,Married,Other,FALSE,Golf Equipment,113.09
F,29,Married,Other,FALSE,Camping Equipment,118.71
M,26,Single,Trades,TRUE,Mountaineering Equipment,136.88
M,49,Unspecified,Trades,FALSE,Camping Equipment,121.38
M,26,Single,Professional,TRUE,Camping Equipment,144.81
F,31,Married,Professional,TRUE,Golf Equipment,144.47
F,47,Married,Retail,FALSE,Outdoor Protection,98.29
M,43,Married,Other,FALSE,Outdoor Protection,155.18
M,43,Married,Other,FALSE,Outdoor Protection,159.39
M,43,Married,Other,FALSE,Outdoor Protection,163.63
M,43,Married,Other,FALSE,Outdoor Protection,159.52
M,43,Married,Other,FALSE,Outdoor Protection,158.73
M,22,Single,Other,FALSE,Mountaineering Equipment,119.65
M,22,Single,Other,FALSE,Mountaineering Equipment,119.60
F,28,Single,Other,FALSE,Personal Accessories,114.97
F,28,Single,Other,FALSE,Personal Accessories,113.12
F,41,Unspecified,Hospitality,FALSE,Outdoor Protection,123.46
F,27,Married,Sales,TRUE,Camping Equipment,123.12
M,27,Single,Professional,TRUE,Camping Equipment,142.60
M,29,Single,Trades,TRUE,Mountaineering Equipment,136.99
M,29,Single,Trades,TRUE,Mountaineering Equipment,140.30
M,24,Single,Student,TRUE,Personal Accessories,101.42
F,26,Married,Other,FALSE,Camping Equipment,124.75
F,26,Married,Other,FALSE,Camping Equipment,121.20
F,26,Married,Other,FALSE,Camping Equipment,119.01
F,40,Married,Executive,FALSE,Golf Equipment,163.56
F,40,Married,Executive,FALSE,Golf Equipment,159.61
F,40,Married,Executive,FALSE,Golf Equipment,162.74
F,40,Married,Executive,FALSE,Golf Equipment,161.25
F,67,Married,Other,FALSE,Golf Equipment,109.97
F,67,Married,Other,FALSE,Golf Equipment,107.80
M,31,Unspecified,Professional,TRUE,Camping Equipment,142.06
F,28,Single,Sales,FALSE,Personal Accessories,105.56
M,37,Single,Executive,FALSE,Outdoor Protection,172.47
M,37,Single,Executive,FALSE,Outdoor Protection,173.21
M,48,Married,Trades,FALSE,Camping Equipment,136.19
M,48,Married,Trades,FALSE,Camping Equipment,135.37
M,48,Married,Trades,FALSE,Camping Equipment,139.67
F,31,Married,Executive,FALSE,Golf Equipment,153.13
F,31,Married,Executive,FALSE,Golf Equipment,148.83
F,31,Married,Professional,TRUE,Golf Equipment,139.21
M,24,Single,Student,TRUE,Personal Accessories,101.79
M,25,Unspecified,Sales,TRUE,Camping Equipment,119.11
M,25,Unspecified,Sales,TRUE,Camping Equipment,115.05
M,20,Single,Trades,TRUE,Mountaineering Equipment,129.08
M,25,Married,Other,TRUE,Camping Equipment,138.92
M,28,Single,Other,FALSE,Mountaineering Equipment,133.96
M,28,Single,Other,FALSE,Mountaineering Equipment,132.55
F,28,Single,Sales,FALSE,Personal Accessories,113.28
F,26,Single,Student,TRUE,Personal Accessories,87.17
F,26,Single,Student,TRUE,Personal Accessories,94.73
F,26,Single,Student,TRUE,Personal Accessories,89.10
F,49,Married,Other,FALSE,Golf Equipment,106.67
M,34,Married,Sales,TRUE,Camping Equipment,145.42
M,34,Married,Sales,TRUE,Camping Equipment,153.22
F,42,Married,Other,FALSE,Outdoor Protection,141.86
F,23,Single,Other,FALSE,Personal Accessories,102.35
F,32,Single,Professional,FALSE,Personal Accessories,125.61
M,39,Married,Executive,FALSE,Golf Equipment,183.82
M,39,Married,Executive,FALSE,Golf Equipment,183.38
F,24,Single,Professional,TRUE,Personal Accessories,108.01
M,52,Married,Professional,FALSE,Golf Equipment,142.34
M,52,Married,Professional,FALSE,Golf Equipment,138.64
M,31,Single,Trades,TRUE,Mountaineering Equipment,146.29
F,29,Married,Retail,FALSE,Camping Equipment,105.03
F,38,Single,Professional,FALSE,Personal Accessories,141.82
M,39,Single,Professional,FALSE,Outdoor Protection,155.30
M,39,Single,Professional,FALSE,Outdoor Protection,161.27
M,38,Married,Professional,FALSE,Golf Equipment,170.63
F,44,Married,Other,FALSE,Outdoor Protection,144.63
F,44,Married,Other,FALSE,Outdoor Protection,139.58
F,40,Married,Other,FALSE,Outdoor Protection,140.24
M,27,Single,Trades,TRUE,Mountaineering Equipment,142.94
M,27,Single,Trades,TRUE,Mountaineering Equipment,140.75
F,43,Married,Other,FALSE,Outdoor Protection,137.78
F,43,Married,Other,FALSE,Outdoor Protection,141.65
F,43,Married,Other,FALSE,Outdoor Protection,144.64
F,22,Single,Student,TRUE,Personal Accessories,76.89
M,25,Married,Professional,TRUE,Camping Equipment,151.22
M,25,Married,Professional,TRUE,Camping Equipment,153.66
M,42,Married,Other,FALSE,Outdoor Protection,162.86
M,42,Married,Other,FALSE,Outdoor Protection,156.65
M,42,Married,Other,FALSE,Outdoor Protection,155.44
M,42,Married,Other,FALSE,Outdoor Protection,158.36
M,42,Married,Other,FALSE,Outdoor Protection,155.27
F,43,Married,Other,FALSE,Outdoor Protection,138.41
M,20,Single,Trades,TRUE,Mountaineering Equipment,127.83
F,46,Married,Executive,FALSE,Golf Equipment,126.24
F,46,Married,Executive,FALSE,Golf Equipment,134.41
M,41,Married,Professional,FALSE,Golf Equipment,168.33
M,41,Married,Professional,FALSE,Golf Equipment,172.27
M,22,Single,Other,FALSE,Mountaineering Equipment,122.59
M,34,Married,Other,FALSE,Camping Equipment,146.98
M,34,Married,Other,FALSE,Camping Equipment,146.41
F,27,Single,Professional,TRUE,Personal Accessories,115.54
M,20,Single,Other,FALSE,Mountaineering Equipment,122.22
F,38,Married,Professional,FALSE,Golf Equipment,151.60
F,38,Married,Professional,FALSE,Golf Equipment,149.06
F,34,Married,Executive,FALSE,Golf Equipment,148.07
F,34,Married,Executive,FALSE,Golf Equipment,149.79
F,26,Married,Other,FALSE,Camping Equipment,120.11
F,26,Married,Other,FALSE,Camping Equipment,118.34
M,33,Married,Other,FALSE,Camping Equipment,149.93
M,33,Married,Other,FALSE,Camping Equipment,150.14
F,46,Married,Executive,FALSE,Golf Equipment,129.65
M,44,Married,Other,FALSE,Outdoor Protection,163.50
F,21,Single,Student,TRUE,Personal Accessories,84.40
M,43,Married,Other,FALSE,Outdoor Protection,162.30
M,29,Single,Other,FALSE,Mountaineering Equipment,134.39
F,35,Single,Other,FALSE,Outdoor Protection,130.57
F,26,Single,Other,FALSE,Personal Accessories,114.30
F,24,Married,Other,TRUE,Personal Accessories,108.66
F,24,Married,Other,TRUE,Personal Accessories,108.01
F,24,Married,Other,TRUE,Personal Accessories,111.98
M,26,Single,Other,FALSE,Mountaineering Equipment,134.87
M,26,Single,Other,FALSE,Mountaineering Equipment,133.10
F,26,Single,Retail,FALSE,Personal Accessories,97.81
M,32,Married,Sales,TRUE,Camping Equipment,153.91
M,28,Married,Executive,TRUE,Outdoor Protection,159.77
M,42,Married,Professional,FALSE,Golf Equipment,167.67
M,20,Single,Other,FALSE,Mountaineering Equipment,121.10
M,20,Single,Other,FALSE,Mountaineering Equipment,117.33
M,43,Single,Sales,FALSE,Outdoor Protection,148.59
M,41,Married,Other,FALSE,Outdoor Protection,158.68
M,39,Married,Sales,FALSE,Outdoor Protection,158.49
F,25,Married,Executive,FALSE,Personal Accessories,138.11
F,32,Married,Professional,TRUE,Golf Equipment,139.27
F,32,Married,Professional,TRUE,Golf Equipment,138.07
F,32,Married,Professional,TRUE,Golf Equipment,136.53
F,28,Single,Retail,FALSE,Personal Accessories,99.52
F,25,Single,Professional,TRUE,Personal Accessories,121.96
M,41,Unspecified,Trades,TRUE,Camping Equipment,152.66
M,52,Married,Professional,FALSE,Golf Equipment,137.92
M,52,Married,Professional,FALSE,Golf Equipment,136.12
M,52,Married,Professional,FALSE,Golf Equipment,137.46
F,28,Single,Professional,TRUE,Personal Accessories,118.05
M,28,Single,Other,FALSE,Mountaineering Equipment,128.20
M,28,Single,Other,FALSE,Mountaineering Equipment,126.71
F,27,Single,Professional,TRUE,Personal Accessories,119.11
F,27,Single,Student,TRUE,Personal Accessories,94.24
M,24,Single,Trades,TRUE,Mountaineering Equipment,129.17
F,28,Single,Retail,FALSE,Personal Accessories,99.18
F,27,Single,Retail,FALSE,Personal Accessories,103.14
F,27,Single,Retail,FALSE,Personal Accessories,98.40
M,31,Single,Other,FALSE,Mountaineering Equipment,137.53
M,31,Single,Other,FALSE,Mountaineering Equipment,136.08
F,52,Married,Other,FALSE,Golf Equipment,105.49
F,52,Married,Other,FALSE,Golf Equipment,113.99
F,52,Married,Other,FALSE,Golf Equipment,110.27
F,23,Single,Other,FALSE,Personal Accessories,103.34
M,20,Single,Sales,TRUE,Mountaineering Equipment,124.03
M,28,Single,Other,FALSE,Mountaineering Equipment,132.02
F,37,Single,Other,FALSE,Outdoor Protection,134.27
M,36,Married,Sales,FALSE,Outdoor Protection,157.38
F,25,Single,Professional,TRUE,Personal Accessories,120.02
F,41,Married,Retail,FALSE,Outdoor Protection,131.56
M,20,Single,Professional,TRUE,Personal Accessories,129.81
F,37,Single,Professional,FALSE,Personal Accessories,140.02
M,29,Single,Student,TRUE,Camping Equipment,112.47
M,26,Single,Sales,TRUE,Mountaineering Equipment,129.38
F,40,Unspecified,Hospitality,FALSE,Outdoor Protection,119.52
F,29,Single,Other,FALSE,Personal Accessories,112.97
M,40,Married,Trades,TRUE,Camping Equipment,173.42
M,40,Married,Trades,TRUE,Camping Equipment,166.02
F,26,Married,Professional,TRUE,Camping Equipment,127.58
F,27,Single,Other,FALSE,Personal Accessories,106.10
F,24,Single,Other,FALSE,Personal Accessories,98.69
F,45,Married,Executive,FALSE,Golf Equipment,134.88
F,45,Married,Executive,FALSE,Golf Equipment,129.71
F,45,Married,Executive,FALSE,Golf Equipment,134.32
F,36,Married,Executive,FALSE,Golf Equipment,163.56
F,36,Married,Executive,FALSE,Golf Equipment,156.31
F,28,Single,Professional,TRUE,Personal Accessories,115.99
M,40,Married,Other,FALSE,Outdoor Protection,155.54
F,26,Married,Executive,FALSE,Personal Accessories,135.06
F,34,Married,Other,FALSE,Camping Equipment,128.22
M,24,Single,Other,FALSE,Mountaineering Equipment,119.82
M,24,Single,Other,FALSE,Mountaineering Equipment,118.63
F,43,Married,Professional,FALSE,Golf Equipment,149.14
F,42,Married,Executive,FALSE,Golf Equipment,155.82
F,42,Married,Executive,FALSE,Golf Equipment,155.91
F,42,Married,Executive,FALSE,Golf Equipment,164.54
F,29,Single,Other,FALSE,Personal Accessories,113.67
F,29,Single,Other,FALSE,Personal Accessories,110.84
F,39,Single,Professional,FALSE,Personal Accessories,141.46
F,31,Single,Professional,FALSE,Personal Accessories,128.71
M,48,Married,Other,FALSE,Golf Equipment,133.41
M,48,Married,Other,FALSE,Golf Equipment,128.06
F,53,Unspecified,Hospitality,FALSE,Personal Accessories,89.64
F,55,Married,Other,FALSE,Golf Equipment,114.02
F,55,Married,Other,FALSE,Golf Equipment,110.63
F,55,Married,Other,FALSE,Golf Equipment,114.35
F,55,Married,Other,FALSE,Golf Equipment,110.56
M,45,Married,Other,FALSE,Golf Equipment,129.15
F,19,Single,Hospitality,FALSE,Personal Accessories,94.15
F,22,Single,Retail,FALSE,Personal Accessories,93.57
M,55,Unspecified,Other,FALSE,Golf Equipment,114.47
M,25,Married,Sales,TRUE,Camping Equipment,141.98
M,25,Married,Sales,TRUE,Camping Equipment,135.63
F,38,Unspecified,Hospitality,FALSE,Outdoor Protection,123.29
F,38,Unspecified,Hospitality,FALSE,Outdoor Protection,122.62
F,37,Married,Other,FALSE,Outdoor Protection,142.54
M,36,Unspecified,Sales,FALSE,Outdoor Protection,143.97
M,36,Unspecified,Sales,FALSE,Outdoor Protection,142.07
M,36,Unspecified,Sales,FALSE,Outdoor Protection,139.00
